Bug,A or B,Type,Run,Correctness Condition,Correctness Consequence,Correctness Position,Correctness Cause,Correctness Change,Completeness Condition,Completeness Consequence,Completeness Position,Completeness Cause,Completeness Change,Complexity Condition,Complexity Consequence,Complexity Position,Complexity Cause,Complexity Change,Continuity Condition,Continuity Consequence,Continuity Position,Continuity Cause,Continuity Change,Consistency Condition,Consistency Consequence,Consistency Position,Consistency Cause,Consistency Change,LOC,Affected_lines
Chart_1,A,Human,1,No,No,No,No,No,No,No,No,No,No,No,No,No,No,No,No,No,No,No,No,No,No,No,No,No,1150,2
Chart_1,A,Human,2,No,No,No,No,No,No,No,No,No,No,No,No,No,No,No,No,No,No,No,No,No,No,No,No,No,1150,2
Chart_1,A,Human,3,No,No,Yes,No,No,No,No,No,No,No,No,No,No,No,No,No,No,No,No,No,No,No,No,No,No,1150,2
Chart_1,B,Generated,1,No,No,No,Yes,No,No,No,No,No,No,No,No,No,No,No,No,No,No,No,No,No,No,No,No,No,1149,2
Chart_1,B,Generated,2,Yes,Yes,Yes,Yes,No,No,No,No,No,No,No,No,No,No,No,No,No,No,No,No,No,No,No,No,No,1149,2
Chart_1,B,Generated,3,No,No,No,No,No,No,No,No,No,No,No,No,No,No,Yes,No,No,No,No,No,No,No,No,No,No,1149,2
Chart_10,A,Human,1,Yes,Yes,Yes,Yes,Yes,Yes,Yes,Yes,Yes,Yes,No,No,No,No,No,Yes,Yes,Yes,Yes,Yes,Yes,Yes,Yes,Yes,Yes,17,2
Chart_10,A,Human,2,Yes,Yes,Yes,Yes,Yes,Yes,Yes,Yes,Yes,Yes,No,No,No,No,No,Yes,Yes,Yes,Yes,Yes,Yes,Yes,Yes,Yes,Yes,17,2
Chart_10,A,Human,3,Yes,Yes,Yes,Yes,Yes,Yes,Yes,Yes,Yes,Yes,No,No,No,No,No,Yes,Yes,Yes,Yes,Yes,Yes,Yes,Yes,Yes,Yes,17,2
Chart_10,B,Generated,1,Yes,Yes,Yes,Yes,Yes,Yes,Yes,Yes,Yes,Yes,No,No,No,No,No,Yes,Yes,Yes,Yes,Yes,Yes,Yes,Yes,Yes,Yes,17,3
Chart_10,B,Generated,2,Yes,Yes,Yes,Yes,Yes,Yes,Yes,Yes,Yes,Yes,No,No,No,No,No,Yes,Yes,Yes,Yes,Yes,Yes,Yes,Yes,Yes,Yes,17,3
Chart_10,B,Generated,3,Yes,Yes,Yes,Yes,Yes,Yes,Yes,Yes,Yes,Yes,No,No,No,No,No,Yes,Yes,Yes,Yes,Yes,Yes,Yes,Yes,Yes,Yes,17,3
Chart_11,A,Human,1,Yes,Yes,Yes,Yes,Yes,Yes,Yes,Yes,No,Yes,No,No,No,No,No,No,No,No,No,No,Yes,Yes,Yes,No,No,340,2
Chart_11,A,Human,2,Yes,Yes,Yes,No,Yes,No,Yes,Yes,No,Yes,No,No,No,No,No,No,No,No,No,No,Yes,Yes,Yes,No,No,340,2
Chart_11,A,Human,3,Yes,Yes,Yes,Yes,No,No,No,No,No,No,No,No,No,No,Yes,No,No,No,No,No,Yes,Yes,Yes,No,No,340,2
Chart_11,B,Generated,1,Yes,Yes,Yes,Yes,Yes,No,No,Yes,Yes,Yes,No,No,No,No,No,Yes,No,No,No,No,Yes,No,Yes,No,No,339,2
Chart_11,B,Generated,2,Yes,Yes,Yes,Yes,Yes,Yes,Yes,Yes,Yes,Yes,No,No,No,No,No,Yes,No,No,No,No,Yes,No,Yes,No,No,339,2
Chart_11,B,Generated,3,Yes,No,Yes,No,No,No,No,No,No,No,No,No,No,No,No,Yes,No,No,No,No,Yes,No,Yes,No,No,339,2
Chart_12,A,Generated,1,Yes,Yes,Yes,No,Yes,No,No,Yes,No,No,No,No,No,No,No,No,No,Yes,No,No,No,No,Yes,No,No,392,1
Chart_12,A,Generated,2,Yes,Yes,Yes,No,Yes,No,No,Yes,No,No,No,No,No,No,No,No,No,Yes,No,No,No,No,Yes,No,No,392,1
Chart_12,A,Generated,3,No,No,Yes,No,No,No,No,Yes,No,No,No,No,No,No,No,No,No,Yes,No,No,No,No,Yes,No,No,392,1
Chart_12,B,Human,1,Yes,Yes,Yes,No,No,No,Yes,Yes,No,No,No,No,No,No,No,No,No,No,No,No,No,Yes,No,No,No,393,2
Chart_12,B,Human,2,Yes,Yes,No,No,No,Yes,Yes,No,No,No,No,No,No,No,No,No,No,No,No,No,No,Yes,No,No,No,393,2
Chart_12,B,Human,3,No,Yes,No,Yes,Yes,No,Yes,No,Yes,Yes,No,No,No,No,No,No,No,No,No,No,No,Yes,No,No,No,393,2
Chart_13,A,Generated,1,Yes,Yes,Yes,Yes,Yes,Yes,Yes,Yes,Yes,Yes,No,No,No,No,No,No,Yes,Yes,Yes,No,Yes,Yes,Yes,Yes,Yes,400,2
Chart_13,A,Generated,2,Yes,Yes,Yes,Yes,Yes,Yes,Yes,Yes,Yes,Yes,No,No,No,No,No,No,Yes,Yes,Yes,No,Yes,Yes,Yes,Yes,Yes,400,2
Chart_13,A,Generated,3,Yes,Yes,Yes,Yes,Yes,No,No,Yes,Yes,No,No,No,No,No,No,No,Yes,Yes,Yes,No,Yes,Yes,Yes,Yes,Yes,400,2
Chart_13,B,Human,1,No,No,No,No,No,No,No,No,No,No,No,No,No,No,Yes,No,No,No,No,No,No,No,No,No,No,401,2
Chart_13,B,Human,2,Yes,Yes,No,No,No,No,No,No,No,No,No,No,No,No,No,No,No,No,No,No,No,No,No,No,No,401,2
Chart_13,B,Human,3,No,Yes,Yes,No,No,No,No,No,No,No,No,No,No,No,No,No,No,No,No,No,No,No,No,No,No,401,2
Chart_5,A,Generated,1,Yes,Yes,Yes,No,No,No,No,No,No,No,No,No,No,No,No,Yes,Yes,Yes,No,No,Yes,Yes,Yes,No,No,360,2
Chart_5,A,Generated,2,Yes,Yes,Yes,Yes,No,No,No,No,Yes,No,No,No,No,No,No,Yes,Yes,Yes,No,No,Yes,Yes,Yes,No,No,360,2
Chart_5,A,Generated,3,Yes,Yes,Yes,Yes,Yes,No,No,Yes,No,Yes,No,No,No,No,No,Yes,Yes,Yes,No,No,Yes,Yes,Yes,No,No,360,2
Chart_5,B,Human,1,Yes,Yes,Yes,No,Yes,Yes,Yes,Yes,No,No,No,No,No,No,No,Yes,No,Yes,No,No,Yes,Yes,Yes,No,Yes,359,6
Chart_5,B,Human,2,Yes,Yes,Yes,No,Yes,Yes,No,Yes,No,Yes,No,No,No,No,No,Yes,No,Yes,No,No,Yes,Yes,Yes,No,Yes,359,6
Chart_5,B,Human,3,Yes,Yes,Yes,Yes,Yes,Yes,Yes,Yes,Yes,Yes,No,No,No,No,No,Yes,No,Yes,No,No,Yes,Yes,Yes,No,Yes,359,6
Chart_6,A,Generated,1,Yes,Yes,Yes,No,Yes,Yes,Yes,Yes,No,Yes,No,No,No,No,No,Yes,Yes,Yes,No,Yes,Yes,Yes,Yes,No,Yes,163,2
Chart_6,A,Generated,2,Yes,Yes,Yes,Yes,Yes,No,Yes,Yes,Yes,Yes,No,No,No,No,No,Yes,Yes,Yes,No,Yes,Yes,Yes,Yes,No,Yes,163,2
Chart_6,A,Generated,3,Yes,Yes,Yes,No,Yes,No,Yes,Yes,No,Yes,No,No,No,No,No,Yes,Yes,Yes,No,Yes,Yes,Yes,Yes,No,Yes,163,2
Chart_6,B,Human,1,Yes,Yes,Yes,Yes,Yes,Yes,Yes,Yes,Yes,Yes,No,No,No,No,No,Yes,Yes,Yes,Yes,Yes,Yes,Yes,Yes,Yes,Yes,81,9
Chart_6,B,Human,2,Yes,Yes,Yes,Yes,Yes,No,Yes,Yes,Yes,Yes,No,No,No,No,No,Yes,Yes,Yes,Yes,Yes,Yes,Yes,Yes,Yes,Yes,81,9
Chart_6,B,Human,3,Yes,Yes,Yes,Yes,Yes,No,Yes,Yes,Yes,Yes,No,No,No,No,No,Yes,Yes,Yes,Yes,Yes,Yes,Yes,Yes,Yes,Yes,81,9
Lang_1,A,Generated,1,No,No,No,No,No,No,No,No,No,No,No,No,No,No,No,No,No,No,No,No,No,No,No,No,No,790,4
Lang_1,A,Generated,2,Yes,Yes,Yes,No,Yes,No,No,Yes,No,No,No,No,No,No,No,No,No,No,No,No,No,No,No,No,No,790,4
Lang_1,A,Generated,3,No,No,No,No,No,No,No,No,No,No,No,No,No,No,No,No,No,No,No,No,No,No,No,No,No,790,4
Lang_1,B,Human,1,Yes,Yes,Yes,Yes,No,No,Yes,Yes,Yes,No,No,No,No,No,No,No,No,No,No,No,No,No,Yes,No,No,785,13
Lang_1,B,Human,2,No,No,Yes,No,No,No,No,No,No,No,Yes,Yes,No,Yes,Yes,No,No,No,No,No,No,No,Yes,No,No,785,13
Lang_1,B,Human,3,Yes,Yes,Yes,Yes,Yes,Yes,Yes,Yes,No,Yes,No,No,No,No,No,No,No,No,No,No,No,No,Yes,No,No,785,13
Lang_10,A,Human,1,No,Yes,Yes,No,Yes,No,Yes,Yes,No,Yes,No,No,No,No,No,No,No,No,No,No,No,No,No,No,No,616,9
Lang_10,A,Human,2,No,No,No,No,No,No,No,No,No,No,No,No,No,No,No,No,No,No,No,No,No,No,No,No,No,616,9
Lang_10,A,Human,3,No,No,No,No,No,No,No,No,No,No,No,No,No,No,No,No,No,No,No,No,No,No,No,No,No,616,9
Lang_10,B,Generated,1,Yes,Yes,Yes,Yes,Yes,No,Yes,Yes,No,Yes,No,No,No,No,No,No,No,No,No,No,No,No,No,No,No,607,2
Lang_10,B,Generated,2,No,No,No,No,No,No,No,No,No,No,Yes,Yes,Yes,Yes,Yes,No,No,No,No,No,No,No,No,No,No,607,2
Lang_10,B,Generated,3,Yes,Yes,Yes,Yes,Yes,No,Yes,Yes,No,Yes,No,No,No,No,No,No,No,No,No,No,No,No,No,No,No,607,2
Lang_15,A,Generated,1,Yes,Yes,Yes,Yes,Yes,No,No,No,No,No,No,No,No,No,No,No,No,Yes,Yes,No,Yes,Yes,Yes,Yes,No,694,7
Lang_15,A,Generated,2,Yes,Yes,Yes,Yes,Yes,No,No,No,No,No,No,No,No,No,No,No,No,Yes,Yes,No,Yes,Yes,Yes,Yes,No,694,7
Lang_15,A,Generated,3,Yes,Yes,Yes,Yes,No,No,No,No,No,No,No,No,No,No,No,No,No,Yes,Yes,No,Yes,Yes,Yes,Yes,No,694,7
Lang_15,B,Human,1,No,No,Yes,No,No,No,No,Yes,No,No,No,No,No,No,No,No,No,No,No,No,No,No,No,No,No,693,8
Lang_15,B,Human,2,Yes,Yes,No,Yes,No,No,No,No,No,No,No,No,No,No,No,No,No,No,No,No,No,No,No,No,No,693,8
Lang_15,B,Human,3,Yes,Yes,Yes,Yes,No,No,No,No,No,No,No,No,No,No,No,No,No,No,No,No,No,No,No,No,No,693,8
Lang_21,A,Human,1,Yes,Yes,Yes,Yes,Yes,No,Yes,Yes,Yes,Yes,No,No,No,No,No,Yes,Yes,Yes,Yes,Yes,Yes,Yes,Yes,Yes,Yes,710,2
Lang_21,A,Human,2,Yes,Yes,Yes,Yes,Yes,Yes,Yes,Yes,Yes,Yes,No,No,No,No,No,Yes,Yes,Yes,Yes,Yes,Yes,Yes,Yes,Yes,Yes,710,2
Lang_21,A,Human,3,Yes,Yes,Yes,Yes,Yes,No,Yes,Yes,Yes,Yes,No,No,No,No,No,Yes,Yes,Yes,Yes,Yes,Yes,Yes,Yes,Yes,Yes,710,2
Lang_21,B,Generated,1,No,No,Yes,Yes,No,No,No,Yes,Yes,No,No,No,No,No,No,Yes,No,Yes,Yes,Yes,No,No,Yes,Yes,No,715,9
Lang_21,B,Generated,2,No,No,Yes,Yes,No,No,No,Yes,No,No,No,No,No,No,No,Yes,No,Yes,Yes,Yes,No,No,Yes,Yes,No,715,9
Lang_21,B,Generated,3,No,Yes,Yes,Yes,No,No,No,Yes,Yes,No,No,No,No,No,No,Yes,No,Yes,Yes,Yes,No,No,Yes,Yes,No,715,9
Lang_27,A,Human,1,No,No,Yes,No,No,No,No,No,No,No,No,No,No,No,No,No,No,Yes,No,No,No,No,Yes,No,No,784,5
Lang_27,A,Human,2,Yes,Yes,Yes,Yes,Yes,Yes,Yes,No,Yes,Yes,No,No,No,No,No,No,No,Yes,No,No,No,No,Yes,No,No,784,5
Lang_27,A,Human,3,No,No,Yes,No,No,No,No,No,No,No,No,No,No,No,No,No,No,Yes,No,No,No,No,Yes,No,No,784,5
Lang_27,B,Generated,1,Yes,No,No,Yes,Yes,Yes,No,No,Yes,Yes,No,No,No,No,No,No,No,No,No,No,No,No,No,No,No,784,1
Lang_27,B,Generated,2,No,No,No,No,No,No,No,No,No,No,Yes,Yes,Yes,Yes,Yes,No,No,No,No,No,No,No,No,No,No,784,1
Lang_27,B,Generated,3,No,Yes,Yes,Yes,Yes,No,Yes,No,Yes,Yes,No,No,No,No,No,No,No,No,No,No,No,No,No,No,No,784,1
Lang_34,A,Generated,1,Yes,Yes,Yes,Yes,Yes,Yes,Yes,No,Yes,Yes,No,No,No,No,No,Yes,Yes,Yes,Yes,Yes,Yes,Yes,Yes,Yes,Yes,1028,3
Lang_34,A,Generated,2,Yes,Yes,Yes,Yes,Yes,No,No,No,No,No,No,No,No,No,No,Yes,Yes,Yes,Yes,Yes,Yes,Yes,Yes,Yes,Yes,1028,3
Lang_34,A,Generated,3,Yes,Yes,Yes,Yes,Yes,No,No,No,No,No,No,No,No,No,No,Yes,Yes,Yes,Yes,Yes,Yes,Yes,Yes,Yes,Yes,1028,3
Lang_34,B,Human,1,Yes,Yes,Yes,Yes,Yes,No,No,No,No,No,No,No,No,No,No,No,No,No,No,No,No,No,Yes,No,No,1027,4
Lang_34,B,Human,2,No,No,Yes,No,No,No,No,No,No,No,No,No,No,No,No,No,No,No,No,No,No,No,Yes,No,No,1027,4
Lang_34,B,Human,3,Yes,Yes,Yes,Yes,No,Yes,Yes,No,Yes,No,No,No,No,No,No,No,No,No,No,No,No,No,Yes,No,No,1027,4
Lang_43,A,Generated,1,No,No,No,No,No,No,No,No,No,No,Yes,Yes,Yes,Yes,Yes,Yes,Yes,Yes,Yes,Yes,No,No,No,No,No,305,1
Lang_43,A,Generated,2,No,No,No,No,No,No,No,No,No,No,No,No,No,No,Yes,Yes,Yes,Yes,Yes,Yes,No,No,No,No,No,305,1
Lang_43,A,Generated,3,No,No,No,No,No,No,No,No,No,No,Yes,Yes,Yes,Yes,Yes,Yes,Yes,Yes,Yes,Yes,No,No,No,No,No,305,1
Lang_43,B,Human,1,No,No,No,No,No,No,No,No,No,No,Yes,Yes,No,Yes,Yes,Yes,Yes,Yes,Yes,Yes,No,No,No,No,No,305,1
Lang_43,B,Human,2,No,No,No,No,No,No,No,No,No,No,Yes,Yes,No,Yes,Yes,Yes,Yes,Yes,Yes,Yes,No,No,No,No,No,305,1
Lang_43,B,Human,3,No,No,No,No,No,No,No,No,No,No,Yes,Yes,No,Yes,Yes,Yes,Yes,Yes,Yes,Yes,No,No,No,No,No,305,1
Lang_51,A,Generated,1,Yes,No,Yes,No,No,No,No,No,No,No,No,No,No,No,No,No,No,Yes,No,No,No,No,Yes,No,No,347,5
Lang_51,A,Generated,2,Yes,Yes,Yes,Yes,Yes,No,No,No,No,No,No,No,No,No,No,No,No,Yes,No,No,No,No,Yes,No,No,347,5
Lang_51,A,Generated,3,No,No,Yes,No,No,No,No,No,No,No,No,No,No,No,No,No,No,Yes,No,No,No,No,Yes,No,No,347,5
Lang_51,B,Human,1,No,No,No,No,No,No,No,No,No,No,No,No,No,No,Yes,No,No,No,No,No,No,No,No,No,No,345,1
Lang_51,B,Human,2,No,No,Yes,No,No,No,No,No,No,No,No,No,No,Yes,Yes,No,No,No,No,No,No,No,No,No,No,345,1
Lang_51,B,Human,3,No,No,Yes,No,No,No,No,No,No,No,No,No,No,No,No,No,No,No,No,No,No,No,No,No,No,345,1
Lang_57,A,Human,1,No,No,Yes,No,No,No,No,No,No,No,No,No,No,No,No,Yes,Yes,No,Yes,Yes,No,No,No,No,No,152,2
Lang_57,A,Human,2,No,No,Yes,No,No,No,No,No,No,No,No,No,No,No,No,Yes,Yes,No,Yes,Yes,No,No,No,No,No,152,2
Lang_57,A,Human,3,No,No,No,No,No,No,No,No,No,No,Yes,No,Yes,Yes,Yes,Yes,Yes,No,Yes,Yes,No,No,No,No,No,152,2
Lang_57,B,Generated,1,No,No,No,No,No,No,No,No,No,No,No,No,No,No,No,No,No,No,No,No,No,No,No,No,No,153,1
Lang_57,B,Generated,2,No,No,Yes,Yes,Yes,No,No,No,Yes,Yes,No,No,No,No,No,No,No,No,No,No,No,No,No,No,No,153,1
Lang_57,B,Generated,3,Yes,Yes,Yes,Yes,Yes,No,Yes,No,Yes,Yes,No,No,No,No,No,No,No,No,No,No,No,No,No,No,No,153,1
Lang_63,A,Generated,1,No,No,No,No,No,No,No,No,No,No,No,No,No,No,No,Yes,Yes,No,Yes,Yes,No,No,No,No,No,410,2
Lang_63,A,Generated,2,No,No,Yes,No,No,No,No,No,No,No,No,No,No,No,No,Yes,Yes,No,Yes,Yes,No,No,No,No,No,410,2
Lang_63,A,Generated,3,No,No,No,No,No,No,No,No,No,No,No,No,No,No,No,Yes,Yes,No,Yes,Yes,No,No,No,No,No,410,2
Lang_63,B,Human,1,Yes,Yes,Yes,Yes,Yes,Yes,Yes,Yes,Yes,Yes,Yes,Yes,Yes,Yes,Yes,No,No,No,No,No,No,No,Yes,No,No,428,23
Lang_63,B,Human,2,No,No,Yes,Yes,Yes,No,No,No,No,No,No,No,No,No,No,No,No,No,No,No,No,No,Yes,No,No,428,23
Lang_63,B,Human,3,No,No,Yes,No,No,No,No,No,No,No,No,No,No,No,No,No,No,No,No,No,No,No,Yes,No,No,428,23
Math_2,A,Human,1,No,No,Yes,No,Yes,No,No,Yes,No,No,No,No,No,No,No,Yes,No,Yes,Yes,Yes,No,No,Yes,No,No,182,2
Math_2,A,Human,2,No,No,Yes,No,No,No,No,Yes,No,No,No,No,No,No,No,Yes,No,Yes,Yes,Yes,No,No,Yes,No,No,182,2
Math_2,A,Human,3,No,Yes,Yes,No,No,No,No,Yes,No,No,No,No,No,No,No,Yes,No,Yes,Yes,Yes,No,No,Yes,No,No,182,2
Math_2,B,Generated,1,Yes,Yes,Yes,Yes,Yes,Yes,Yes,Yes,Yes,Yes,No,No,No,No,No,Yes,Yes,Yes,Yes,Yes,Yes,Yes,Yes,Yes,Yes,182,2
Math_2,B,Generated,2,Yes,Yes,Yes,Yes,Yes,Yes,Yes,Yes,Yes,Yes,No,No,No,No,No,Yes,Yes,Yes,Yes,Yes,Yes,Yes,Yes,Yes,Yes,182,2
Math_2,B,Generated,3,Yes,Yes,Yes,Yes,Yes,Yes,Yes,Yes,Yes,Yes,No,Yes,No,Yes,No,Yes,Yes,Yes,Yes,Yes,Yes,Yes,Yes,Yes,Yes,182,2
Math_30,A,Generated,1,No,No,Yes,No,No,No,No,No,No,No,No,No,No,No,No,No,No,Yes,No,No,No,No,Yes,No,No,102,2
Math_30,A,Generated,2,Yes,Yes,Yes,Yes,Yes,Yes,Yes,Yes,Yes,Yes,No,No,No,No,No,No,No,Yes,No,No,No,No,Yes,No,No,102,2
Math_30,A,Generated,3,Yes,Yes,Yes,Yes,Yes,Yes,Yes,No,Yes,Yes,No,No,No,No,No,No,No,Yes,No,No,No,No,Yes,No,No,102,2
Math_30,B,Human,1,No,No,Yes,No,No,No,No,No,No,No,Yes,Yes,No,Yes,Yes,No,No,Yes,No,No,No,No,Yes,No,No,103,2
Math_30,B,Human,2,Yes,Yes,Yes,Yes,Yes,No,No,No,Yes,Yes,No,No,No,No,No,No,No,Yes,No,No,No,No,Yes,No,No,103,2
Math_30,B,Human,3,Yes,Yes,Yes,Yes,Yes,Yes,No,No,Yes,Yes,No,No,No,No,No,No,No,Yes,No,No,No,No,Yes,No,No,103,2
Math_32,A,Generated,1,No,No,Yes,No,No,No,No,No,No,No,Yes,Yes,Yes,Yes,Yes,Yes,Yes,No,No,Yes,No,No,Yes,No,No,337,7
Math_32,A,Generated,2,No,No,Yes,Yes,No,No,No,No,No,No,No,No,No,No,Yes,Yes,Yes,No,No,Yes,No,No,Yes,No,No,337,7
Math_32,A,Generated,3,No,No,Yes,No,No,No,No,No,No,No,No,No,No,No,No,Yes,Yes,No,No,Yes,No,No,Yes,No,No,337,7
Math_32,B,Human,1,No,No,Yes,No,No,No,No,No,No,No,Yes,Yes,Yes,Yes,Yes,Yes,Yes,No,No,Yes,No,No,Yes,No,No,339,2
Math_32,B,Human,2,No,No,Yes,Yes,No,No,No,No,No,No,No,Yes,No,Yes,Yes,Yes,Yes,No,No,Yes,No,No,Yes,No,No,339,2
Math_32,B,Human,3,No,No,Yes,Yes,No,No,No,No,No,No,No,No,No,No,Yes,Yes,Yes,No,No,Yes,No,No,Yes,No,No,339,2
Math_34,A,Generated,1,Yes,Yes,Yes,Yes,Yes,Yes,Yes,Yes,Yes,Yes,No,No,No,No,No,No,Yes,Yes,Yes,Yes,Yes,Yes,Yes,Yes,Yes,117,2
Math_34,A,Generated,2,Yes,Yes,Yes,Yes,Yes,Yes,Yes,Yes,Yes,Yes,No,No,No,No,No,No,Yes,Yes,Yes,Yes,Yes,Yes,Yes,Yes,Yes,117,2
Math_34,A,Generated,3,Yes,Yes,Yes,Yes,Yes,Yes,Yes,Yes,Yes,Yes,Yes,No,No,No,No,No,Yes,Yes,Yes,Yes,Yes,Yes,Yes,Yes,Yes,117,2
Math_34,B,Human,1,Yes,No,Yes,No,Yes,No,No,Yes,No,Yes,No,No,No,No,No,No,No,Yes,No,No,No,No,Yes,No,Yes,117,2
Math_34,B,Human,2,No,No,Yes,No,Yes,No,No,Yes,No,Yes,Yes,Yes,No,Yes,Yes,No,No,Yes,No,No,No,No,Yes,No,Yes,117,2
Math_34,B,Human,3,No,No,Yes,No,Yes,No,No,Yes,No,No,Yes,No,No,No,Yes,No,No,Yes,No,No,No,No,Yes,No,Yes,117,2
Math_39,A,Generated,1,Yes,Yes,Yes,Yes,Yes,No,Yes,Yes,Yes,Yes,No,No,No,No,No,No,No,No,No,Yes,Yes,Yes,Yes,Yes,Yes,238,1
Math_39,A,Generated,2,Yes,Yes,Yes,Yes,Yes,Yes,Yes,No,Yes,Yes,No,No,No,No,No,No,No,No,No,Yes,Yes,Yes,Yes,Yes,Yes,238,1
Math_39,A,Generated,3,Yes,Yes,Yes,Yes,Yes,No,No,No,No,Yes,No,No,No,No,Yes,No,No,No,No,Yes,Yes,Yes,Yes,Yes,Yes,238,1
Math_39,B,Human,1,Yes,No,Yes,Yes,Yes,Yes,No,Yes,Yes,Yes,No,Yes,No,No,Yes,No,No,Yes,Yes,No,Yes,No,Yes,Yes,No,235,9
Math_39,B,Human,2,Yes,Yes,Yes,Yes,Yes,No,Yes,Yes,Yes,No,No,No,No,No,No,No,No,Yes,Yes,No,Yes,No,Yes,Yes,No,235,9
Math_39,B,Human,3,Yes,Yes,Yes,Yes,No,Yes,Yes,No,No,No,No,No,No,No,No,No,No,Yes,Yes,No,Yes,No,Yes,Yes,No,235,9
Math_40,A,Generated,1,No,No,Yes,No,No,No,No,No,No,No,No,No,No,No,No,No,No,No,No,No,No,No,Yes,No,No,289,1
Math_40,A,Generated,2,No,No,Yes,Yes,No,No,No,Yes,No,No,No,No,No,No,No,No,No,No,No,No,No,No,Yes,No,No,289,1
Math_40,A,Generated,3,No,No,Yes,No,No,No,No,No,No,No,No,No,No,No,No,No,No,No,No,No,No,No,Yes,No,No,289,1
Math_40,B,Human,1,No,No,Yes,Yes,Yes,No,No,Yes,No,No,No,No,No,No,No,No,No,No,Yes,Yes,No,No,Yes,Yes,Yes,285,10
Math_40,B,Human,2,Yes,No,Yes,Yes,Yes,No,No,Yes,No,No,No,No,No,No,No,No,No,No,Yes,Yes,No,No,Yes,Yes,Yes,285,10
Math_40,B,Human,3,Yes,No,Yes,Yes,Yes,No,No,No,No,No,No,No,No,No,No,No,No,No,Yes,Yes,No,No,Yes,Yes,Yes,285,10
Math_42,A,Generated,1,Yes,Yes,Yes,Yes,Yes,Yes,Yes,No,Yes,Yes,No,No,No,No,No,No,No,Yes,No,Yes,No,No,Yes,No,Yes,395,2
Math_42,A,Generated,2,Yes,Yes,Yes,No,Yes,No,Yes,No,No,Yes,No,No,No,No,No,No,No,Yes,No,Yes,No,No,Yes,No,Yes,395,2
Math_42,A,Generated,3,No,No,Yes,No,Yes,No,No,No,No,Yes,No,No,No,No,No,No,No,Yes,No,Yes,No,No,Yes,No,Yes,395,2
Math_42,B,Human,1,No,Yes,Yes,Yes,Yes,No,No,Yes,Yes,Yes,No,No,No,No,No,Yes,No,No,No,No,No,Yes,Yes,No,No,396,4
Math_42,B,Human,2,No,Yes,Yes,Yes,Yes,No,No,No,No,No,No,No,No,No,No,Yes,No,No,No,No,No,Yes,Yes,No,No,396,4
Math_42,B,Human,3,No,Yes,Yes,No,No,No,No,No,No,No,No,No,No,No,No,Yes,No,No,No,No,No,Yes,Yes,No,No,396,4
Math_49,A,Generated,1,No,No,No,No,No,No,No,No,No,No,No,No,No,No,No,No,No,No,No,No,No,No,No,No,No,682,2
Math_49,A,Generated,2,No,No,Yes,No,No,No,No,No,No,No,No,No,No,No,No,No,No,No,No,No,No,No,No,No,No,682,2
Math_49,A,Generated,3,No,No,No,No,No,No,No,No,No,No,No,No,No,No,No,No,No,No,No,No,No,No,No,No,No,682,2
Math_49,B,Human,1,Yes,Yes,Yes,No,No,No,No,No,No,No,No,No,No,No,Yes,No,No,No,No,No,No,No,Yes,No,No,686,8
Math_49,B,Human,2,No,No,Yes,No,Yes,No,No,Yes,No,Yes,No,No,No,No,No,No,No,No,No,No,No,No,Yes,No,No,686,8
Math_49,B,Human,3,Yes,Yes,Yes,Yes,No,No,No,No,No,No,No,No,No,No,No,No,No,No,No,No,No,No,Yes,No,No,686,8
Math_5,A,Generated,1,Yes,Yes,Yes,Yes,Yes,No,Yes,No,No,Yes,No,No,No,No,No,No,No,Yes,No,No,No,No,Yes,No,No,496,2
Math_5,A,Generated,2,No,No,Yes,No,No,No,No,No,No,No,No,No,No,No,No,No,No,Yes,No,No,No,No,Yes,No,No,496,2
Math_5,A,Generated,3,Yes,Yes,Yes,Yes,Yes,Yes,Yes,No,Yes,Yes,No,No,No,No,No,No,No,Yes,No,No,No,No,Yes,No,No,496,2
Math_5,B,Human,1,Yes,Yes,Yes,Yes,Yes,No,Yes,No,Yes,Yes,No,No,No,No,No,No,No,No,No,No,No,No,No,No,No,497,2
Math_5,B,Human,2,Yes,No,No,No,No,No,No,No,No,No,No,No,No,No,No,No,No,No,No,No,No,No,No,No,No,497,2
Math_5,B,Human,3,No,No,No,No,No,No,No,No,No,No,No,No,No,No,No,No,No,No,No,No,No,No,No,No,No,497,2
Math_50,A,Generated,1,Yes,Yes,Yes,Yes,Yes,No,No,No,No,Yes,No,No,No,No,No,No,No,No,No,No,Yes,Yes,Yes,Yes,Yes,179,2
Math_50,A,Generated,2,Yes,Yes,Yes,Yes,Yes,No,No,Yes,No,Yes,No,No,No,No,No,No,No,No,No,No,Yes,Yes,Yes,Yes,Yes,179,2
Math_50,A,Generated,3,Yes,Yes,Yes,Yes,Yes,No,No,No,No,No,No,No,No,No,No,No,No,No,No,No,Yes,Yes,Yes,Yes,Yes,179,2
Math_50,B,Human,1,Yes,Yes,Yes,Yes,Yes,No,No,Yes,No,Yes,No,No,No,No,No,Yes,No,Yes,No,No,Yes,No,Yes,No,No,182,4
Math_50,B,Human,2,Yes,Yes,Yes,No,Yes,No,No,Yes,No,Yes,No,No,No,No,No,Yes,No,Yes,No,No,Yes,No,Yes,No,No,182,4
Math_50,B,Human,3,Yes,No,Yes,No,No,No,No,Yes,No,No,No,No,No,No,No,Yes,No,Yes,No,No,Yes,No,Yes,No,No,182,4
Math_53,A,Human,1,Yes,Yes,Yes,Yes,Yes,Yes,Yes,Yes,Yes,Yes,No,No,No,No,No,No,No,No,No,No,No,No,Yes,No,No,406,3
Math_53,A,Human,2,No,No,Yes,No,No,No,No,No,No,No,No,No,No,No,Yes,No,No,No,No,No,No,No,Yes,No,No,406,3
Math_53,A,Human,3,No,No,Yes,No,No,No,No,No,No,No,No,No,No,No,Yes,No,No,No,No,No,No,No,Yes,No,No,406,3
Math_53,B,Generated,1,Yes,Yes,Yes,Yes,Yes,No,Yes,Yes,Yes,Yes,No,No,No,No,No,No,Yes,Yes,No,No,Yes,Yes,Yes,No,No,394,1
Math_53,B,Generated,2,Yes,Yes,Yes,Yes,Yes,Yes,Yes,No,Yes,Yes,No,No,No,No,No,No,Yes,Yes,No,No,Yes,Yes,Yes,No,No,394,1
Math_53,B,Generated,3,Yes,Yes,Yes,No,No,No,Yes,Yes,No,No,No,No,No,No,No,No,Yes,Yes,No,No,Yes,Yes,Yes,No,No,394,1
Math_56,A,Generated,1,No,No,Yes,No,No,No,No,No,No,No,No,No,No,No,No,No,No,Yes,No,No,No,No,Yes,No,No,168,2
Math_56,A,Generated,2,No,Yes,Yes,Yes,Yes,No,No,No,No,Yes,No,No,No,No,No,No,No,Yes,No,No,No,No,Yes,No,No,168,2
Math_56,A,Generated,3,Yes,Yes,Yes,No,No,No,No,No,No,No,No,No,No,No,No,No,No,Yes,No,No,No,No,Yes,No,No,168,2
Math_56,B,Human,1,No,No,Yes,Yes,Yes,No,No,No,No,No,No,No,No,No,No,No,No,Yes,Yes,No,No,No,Yes,Yes,No,175,8
Math_56,B,Human,2,No,No,Yes,Yes,Yes,No,No,No,No,No,No,No,No,No,No,No,No,Yes,Yes,No,No,No,Yes,Yes,No,175,8
Math_56,B,Human,3,Yes,Yes,Yes,Yes,No,No,No,No,No,No,No,No,No,No,No,No,No,Yes,Yes,No,No,No,Yes,Yes,No,175,8
Math_57,A,Generated,1,No,Yes,Yes,No,Yes,No,Yes,No,No,Yes,No,No,No,No,No,No,No,No,No,No,No,No,Yes,No,No,226,4
Math_57,A,Generated,2,Yes,Yes,Yes,Yes,Yes,No,Yes,No,Yes,Yes,No,No,No,No,No,No,No,No,No,No,No,No,Yes,No,No,226,4
Math_57,A,Generated,3,Yes,No,Yes,No,No,No,No,No,No,No,No,No,No,No,No,No,No,No,No,No,No,No,Yes,No,No,226,4
Math_57,B,Human,1,No,No,Yes,No,No,No,No,No,No,No,No,No,No,No,Yes,No,No,No,No,No,No,No,Yes,No,No,226,2
Math_57,B,Human,2,No,No,Yes,No,No,No,No,No,No,No,No,No,No,No,Yes,No,No,No,No,No,No,No,Yes,No,No,226,2
Math_57,B,Human,3,No,No,Yes,No,No,No,No,Yes,No,No,No,No,No,Yes,Yes,No,No,No,No,No,No,No,Yes,No,No,226,2
